457488095,-1225055062,164468,0,0
457488138,-1225055176,164748,0,0
457488032,-1225054949,164751,0,0
457488377,-1225054427,164632,0,0
457488605,-1225054373,164578,0,0
457488744,-1225054684,164900,0,0
457488549,-1225054779,164701,0,0
457488626,-1225054740,164633,0,0
457488726,-1225054916,164693,0,0
457488855,-1225054796,164666,0,0
457488968,-1225054881,164730,0,0
457488600,-1225054553,164226,0,0
457491803,-1225051075,163567,0,0
457491796,-1225050989,163490,0,0
457491725,-1225050927,163459,0,0
457492103,-1225050940,163840,0,0
457492125,-1225051116,163947,0,0
457492097,-1225051003,163635,0,0
457492135,-1225051145,163872,0,0
457491913,-1225051062,163503,0,0
457491981,-1225051381,163816,0,0
457492066,-1225051539,164136,0,0
457491909,-1225051712,164086,0,0
457491978,-1225051701,164093,0,0
457491698,-1225051540,163581,0,0
457491627,-1225051536,163468,0,0
457491634,-1225051078,163097,0,0
457491657,-1225050818,162963,0,0
457491477,-1225050630,162752,0,0
457492209,-1225051319,164236,0,0
457492116,-1225051001,163609,0,0
457492012,-1225050838,163241,0,0
457492161,-1225050780,163240,0,0
457492400,-1225051017,163625,0,0
457492395,-1225051180,163814,0,0
457492428,-1225051544,164070,0,0
457492417,-1225051284,163996,0,0
457492257,-1225050998,163612,0,0
457492390,-1225051759,164717,0,0
457492841,-1225052093,165359,0,0
457492991,-1225051987,165645,0,0
457492980,-1225052089,165694,0,0
457493103,-1225051948,165962,0,0
457493032,-1225052009,165932,0,0
457492949,-1225051939,165787,0,0
457492790,-1225051679,165491,0,0
457492786,-1225051843,165872,0,0
457492963,-1225052126,166083,0,0
457492993,-1225051888,165852,0,0
457492988,-1225052051,165993,0,0
457492941,-1225052144,165907,0,0
457492858,-1225052075,165737,0,0
457492730,-1225051922,165490,0,0
457492906,-1225052204,165790,0,0
457493035,-1225051938,165589,0,0
457493104,-1225051897,165624,0,0
457493234,-1225051740,165459,0,0
457493235,-1225051676,165352,0,0
457493076,-1225051558,164996,0,0
457492952,-1225051514,164772,0,0
457493120,-1225051699,164915,0,0
457492880,-1225051288,164076,0,0
457493101,-1225051427,164421,0,0
457493173,-1225051444,164427,0,0
457493089,-1225051594,164511,0,0
457493139,-1225051692,164838,0,0
457486677,-1225059912,160939,0,0
457486511,-1225060173,161018,0,0
457486507,-1225059620,160523,0,0
457486587,-1225059315,160332,0,0
457486706,-1225059389,160557,0,0
457486581,-1225059421,160576,0,0
457486693,-1225059301,160552,0,0
457486352,-1225058744,160041,0,0
457486350,-1225058864,160156,0,0
457486319,-1225058439,159735,0,0
457486399,-1225058769,160169,0,0
457486347,-1225058630,159979,0,0
457486493,-1225058984,160443,0,0
457486559,-1225058955,160408,0,0
457486577,-1225059133,160553,0,0
457486609,-1225059246,160528,0,0
457486679,-1225059066,160368,0,0
457486664,-1225059037,160463,0,0
457486582,-1225058660,159982,0,0
457486482,-1225058633,159823,0,0
457486438,-1225059024,160053,0,0
457486303,-1225059301,160146,0,0
457486364,-1225059548,160238,0,0
457486437,-1225059602,160326,0,0
457486510,-1225059337,160040,0,0
457486424,-1225059343,159989,0,0
457486471,-1225059136,159888,0,0
457486409,-1225058745,159398,0,0
457486473,-1225058961,159700,0,0
457473686,-1225072878,159933,0,0
457473696,-1225072936,160006,0,0
457473763,-1225072996,160111,0,0
457473748,-1225072763,159858,0,0
457473716,-1225072647,159751,0,0
457473674,-1225072461,159496,0,0
457473579,-1225072092,159173,0,0
457473589,-1225072125,159242,0,0
457473513,-1225072208,159293,0,0
457473381,-1225072183,159199,0,0
457473349,-1225072661,159629,0,0
457473314,-1225072751,159764,0,0
457473277,-1225072797,159788,0,0
457473289,-1225072870,159889,0,0
457473306,-1225072834,159848,0,0
457473339,-1225072613,159587,0,0
457473407,-1225072693,159725,0,0
457473356,-1225072855,159883,0,0
457473363,-1225072864,159886,0,0
457473364,-1225072774,159824,0,0
457473377,-1225072806,159786,0,0
457473410,-1225072968,160051,0,0
457473461,-1225072764,160016,0,0
457473547,-1225072834,160166,0,0
457473478,-1225072763,160122,0,0
457473497,-1225072883,160299,0,0
457473435,-1225072826,160257,0,0
457473393,-1225072725,160165,0,0
457473385,-1225072907,160374,0,0
457473415,-1225072843,160402,0,0
457473410,-1225072871,160453,0,0
457473460,-1225072706,160296,0,0
457473566,-1225072770,160374,0,0
457473501,-1225072237,159775,0,0
457473513,-1225072165,159659,0,0
457473620,-1225072309,159839,0,0
457473578,-1225072004,159568,0,0
457473559,-1225071787,159415,0,0
457473570,-1225071639,159278,0,0
457473668,-1225071892,159505,0,0
457473688,-1225071974,159613,0,0
457473747,-1225072155,159791,0,0
457473758,-1225071926,159580,0,0
457473768,-1225071833,159473,0,0
457473744,-1225071679,159272,0,0
457473795,-1225071730,159280,0,0
457473696,-1225071478,159009,0,0
457473690,-1225071441,158952,0,0
457473682,-1225071316,158760,0,0
457473698,-1225071410,158889,0,0
457473652,-1225071224,158702,0,0
457473626,-1225071092,158584,0,0
457473651,-1225071564,159051,0,0
457473694,-1225071727,159250,0,0
457473689,-1225071815,159315,0,0
457473659,-1225071639,159196,0,0
457473639,-1225071664,159283,0,0
457473651,-1225071872,159477,0,0
457473649,-1225072035,159705,0,0
457473673,-1225072002,159688,0,0
457473646,-1225072092,159735,0,0
457473637,-1225072331,159924,0,0
457473707,-1225073016,160654,0,0
457473641,-1225072642,160288,0,0
457473615,-1225072808,160428,0,0
457473673,-1225072898,160572,0,0
457473663,-1225072801,160469,0,0
457540249,-1225013077,97282,4103,0
457540164,-1225013211,96698,3556,410
457539809,-1225013546,95037,3229,356
457539541,-1225013743,95053,2943,323
457539198,-1225014000,94382,1981,294
457538882,-1225014233,94013,1704,198
457538700,-1225014349,94706,1782,170
457538504,-1225014491,93946,2334,178
457538346,-1225014601,94004,2215,233
457538303,-1225014617,94901,2284,222
457538446,-1225014494,97005,2165,228
457538686,-1225014288,99048,2113,217
457538844,-1225014144,98427,1568,211
457539036,-1225013976,98617,1228,157
457539226,-1225013817,98933,1218,123
457539376,-1225013698,98861,1204,122
457539445,-1225013641,97933,1052,120
457539442,-1225013644,96614,889,105
457539402,-1225013666,95652,869,89
457539384,-1225013675,95767,1070,87
457539322,-1225013716,94743,1082,107
457539325,-1225013712,95875,892,108
457539337,-1225013703,95994,856,89
457539351,-1225013689,96493,801,86
457539403,-1225013642,97889,683,80
457539481,-1225013570,97762,300,49
457539482,-1225013568,97762,300,30
457539482,-1225013565,97762,300,30
457539483,-1225013563,97762,300,30
457539483,-1225013561,97762,300,30
457539483,-1225013559,97762,300,30
457539484,-1225013557,97762,300,30
457539484,-1225013555,97762,300,30
457539484,-1225013553,97762,300,30
457546602,-1225009530,80853,404,30
457546680,-1225009495,80990,446,40
457546747,-1225009460,80418,445,45
457546781,-1225009428,80247,514,45
457546784,-1225009422,80156,498,51
457546781,-1225009423,79958,455,50
457546778,-1225009425,79946,379,45
457546763,-1225009428,80386,348,38
457546755,-1225009422,79836,289,35
457546754,-1225009415,79964,266,29
457546746,-1225009407,80111,275,27
457546742,-1225009394,79268,329,28
457546733,-1225009377,79916,388,33
457546723,-1225009356,80448,339,39
457546713,-1225009339,80471,316,34
457546694,-1225009329,81671,317,32
457546675,-1225009318,82432,314,32
457546658,-1225009309,82459,280,31
457546635,-1225009300,83002,306,28
457546614,-1225009291,82609,355,31
457546596,-1225009283,82668,336,35
457546578,-1225009272,83402,295,34
457546565,-1225009260,83563,142,30
457546542,-1225009244,84412,215,14
457546521,-1225009224,84571,295,21
457546505,-1225009209,84798,324,30
457546487,-1225009196,85235,362,32
457546471,-1225009183,85753,343,36
457546458,-1225009175,85695,331,34
457546437,-1225009169,86195,443,33
457546424,-1225009166,85275,514,44
457546414,-1225009161,85306,530,51
457546406,-1225009158,84998,543,53
457546396,-1225009153,85053,569,54
457546387,-1225009149,84758,635,57
457546380,-1225009144,83871,683,64
457546374,-1225009140,83972,687,68
457546184,-1225008985,93169,1034,69
457546170,-1225008966,93742,1330,274
457546214,-1225008977,93216,1665,293
457546290,-1225009017,93255,2038,344
457546336,-1225009030,92779,2537,354
457546332,-1225009016,92794,2597,423
457546339,-1225008996,93526,2412,459
457546333,-1225008966,93953,2135,422
457546324,-1225008951,94439,1495,396
457546321,-1225008932,94459,1262,307
457546328,-1225008928,94102,1055,270
457546341,-1225008929,93839,858,264
457546351,-1225008926,93662,632,314
457546351,-1225008908,93815,739,362
457546367,-1225008909,93585,819,299
457546387,-1225008919,93293,781,260
457546387,-1225008925,93204,554,280
457546383,-1225008918,93325,535,291
457546373,-1225008910,93631,510,277
457546356,-1225008903,93832,577,246
457546336,-1225008893,93886,587,220
457546311,-1225008878,94080,533,214
457546293,-1225008868,94431,535,193
457546283,-1225008868,94600,615,177
457546266,-1225008870,94389,682,191
457546250,-1225008870,94288,720,198
457546240,-1225008872,94460,784,196
457546224,-1225008874,94495,798,189
457546207,-1225008872,94567,848,183
457546189,-1225008874,94558,868,181
457546162,-1225008873,94547,868,177
457546123,-1225008868,94455,1019,169
457546088,-1225008865,94360,1130,175
457546062,-1225008867,94226,1114,177
457546041,-1225008867,94189,1076,173
457546023,-1225008875,94267,1063,171
457546013,-1225008881,94315,1023,162
457546001,-1225008886,94255,1069,157
457545990,-1225008895,94386,1173,160
457545975,-1225008900,94532,1421,166
457545969,-1225008907,94742,1541,182
457545967,-1225008910,94934,1474,186
457545967,-1225008918,95103,1517,177
457545968,-1225008920,95085,1415,175
457545961,-1225008918,94976,1461,167
457545961,-1225008917,94756,1407,172
457545961,-1225008920,94493,1276,168
457545958,-1225008924,94349,1298,158
457545957,-1225008924,94344,1394,157
457545953,-1225008926,94185,1456,157
457545945,-1225008929,93859,1562,159
457545940,-1225008920,93911,1661,173
457545940,-1225008917,93795,1569,177
457545943,-1225008910,93903,1454,170
457545947,-1225008911,93715,1342,155
457545949,-1225008912,93544,1334,147
457545946,-1225008911,93432,1416,147
457545942,-1225008910,93344,1499,153
457545939,-1225008914,93058,1485,159
457545937,-1225008916,92735,1590,160
457545938,-1225008919,92420,1451,170
457545940,-1225008920,92214,1309,159
457545945,-1225008922,91930,1120,144
457545952,-1225008929,91593,893,126
457545963,-1225008938,91255,587,106
457545974,-1225008946,91013,277,82
457545982,-1225008954,90730,186,60
457545987,-1225008960,90280,325,53
457546027,-1225008984,89796,1415,62
457546026,-1225008994,89251,1403,152
457546020,-1225009002,88845,1271,152
457546007,-1225009006,88425,1026,138
457546001,-1225009009,88056,880,115
457546001,-1225009008,87706,810,99
457545996,-1225009008,87190,774,92
457545989,-1225009013,86690,639,88
457545974,-1225009015,86301,443,76
457545959,-1225009022,85756,391,60
457545953,-1225009019,85342,246,59
457545936,-1225009013,84985,193,54
457545926,-1225009006,85050,470,54
457545884,-1225009008,84045,1065,69
457545859,-1225009006,83461,1302,135
457545857,-1225008999,83836,1298,166
457545861,-1225008995,84191,1159,160
457545852,-1225008984,84287,1175,143
457545837,-1225008984,83856,1148,137
457545816,-1225008987,83473,1201,134
457545794,-1225008988,83049,1243,136
457545773,-1225008984,82869,1370,138
457545754,-1225008978,82752,1431,148
457545734,-1225008968,82826,1571,151
457545718,-1225008965,82826,1569,162
457545715,-1225008964,82924,1467,161
457545708,-1225008961,83031,1440,151
457545697,-1225008956,83044,1427,148
457545678,-1225008955,82725,1455,146
457545665,-1225008957,82504,1442,149
457545652,-1225008955,82404,1404,148
457545643,-1225008953,82389,1372,144
457545633,-1225008946,82385,1394,141
457545620,-1225008939,82416,1508,142
457545609,-1225008932,82482,1591,153
457545599,-1225008931,82445,1562,161
457545592,-1225008927,82478,1562,159
457545585,-1225008925,82473,1537,158
457545576,-1225008927,82300,1453,156
457545566,-1225008925,82174,1447,148
457545556,-1225008920,82134,1416,147
457545550,-1225008916,82186,1401,144
457545545,-1225008913,82294,1384,143
457545535,-1225008902,82509,1549,141
457545527,-1225008892,82745,1611,157
457545520,-1225008892,82885,1574,162
457545513,-1225008900,82920,1509,159
457545503,-1225008901,83044,1504,152
457545497,-1225008895,83201,1419,151
457545490,-1225008888,83303,1444,143
457545483,-1225008882,83457,1486,146
457545476,-1225008875,83560,1505,150
457545470,-1225008868,83655,1521,152
457545461,-1225008869,83626,1539,154
457545452,-1225008872,83544,1513,155
457545443,-1225008872,83475,1572,153
457545431,-1225008876,83362,1616,158
457545423,-1225008881,83328,1604,163
457545418,-1225008882,83296,1491,161
457545414,-1225008884,83208,1463,150
457545411,-1225008881,83211,1431,147
457545405,-1225008884,83126,1405,144
457545399,-1225008886,83030,1407,141
457545392,-1225008885,82937,1436,142
457545384,-1225008889,82859,1454,144
457545375,-1225008892,82794,1494,146
457545368,-1225008899,82747,1475,150
457545362,-1225008904,82730,1464,148
457545357,-1225008904,82734,1405,147
457545351,-1225008901,82777,1347,141
457545343,-1225008898,82817,1401,135
457545335,-1225008893,82877,1525,141
457545328,-1225008889,82965,1566,153
457545320,-1225008886,83068,1608,157
457545311,-1225008882,83219,1609,161
457545304,-1225008882,83269,1597,161
457545296,-1225008883,83282,1600,160
457545289,-1225008882,83341,1549,161
457545282,-1225008883,83343,1535,155
457545279,-1225008883,83362,1435,154
457545272,-1225008879,83406,1368,144
457545265,-1225008873,83457,1392,138
457545256,-1225008866,83590,1467,140
457545245,-1225008863,83701,1523,147
457545236,-1225008865,83691,1532,153
457545230,-1225008871,83648,1487,154
457545223,-1225008873,83691,1413,150
457545213,-1225008868,83720,1440,142
457545205,-1225008866,83765,1406,145
457545197,-1225008866,83754,1375,141
457545187,-1225008862,83772,1458,138
457545180,-1225008860,83767,1450,146
457545171,-1225008859,83765,1471,146
457545164,-1225008864,83733,1425,148
457545157,-1225008866,83674,1420,143
457545147,-1225008867,83627,1459,143
457545140,-1225008872,83535,1430,147
457545136,-1225008868,83408,1397,144
457545128,-1225008869,83455,1414,141
457545119,-1225008869,83454,1440,142
457545111,-1225008871,83482,1464,145
457545104,-1225008872,83417,1531,147
457545089,-1225008876,83539,1643,154
457545071,-1225008879,83782,1736,165
457545066,-1225008885,83919,1576,174
457545066,-1225008887,84011,1364,158
457545062,-1225008890,84141,1275,137
457545054,-1225008892,84305,1267,128
457545045,-1225008892,84368,1318,127
457545035,-1225008894,84441,1368,132
457545029,-1225008897,84424,1410,137
457545021,-1225008899,84428,1468,141
457545008,-1225008899,84552,1564,147
457545000,-1225008900,84551,1616,156
457544993,-1225008902,84574,1609,162
457544985,-1225008907,84671,1566,161
457544984,-1225008910,84624,1459,157
457544985,-1225008911,84543,1293,146
457544981,-1225008911,84529,1245,129
457544974,-1225008913,84578,1264,125
457544965,-1225008911,84622,1374,126
457544956,-1225008908,84628,1485,137
457544945,-1225008909,84640,1622,148
457544936,-1225008910,84659,1661,162
457544932,-1225008910,84661,1566,166
457544932,-1225008915,84655,1365,157
457544929,-1225008919,84720,1190,137
457544922,-1225008919,84816,1189,119
457544915,-1225008917,84924,1255,119
457544909,-1225008920,84924,1351,126
457544904,-1225008920,84864,1435,135
457544902,-1225008915,84798,1454,144
457544896,-1225008911,84797,1523,145
457544891,-1225008909,84852,1523,152
457544886,-1225008911,84874,1557,152
457544881,-1225008910,84849,1582,156
457544878,-1225008910,84797,1588,158
457544876,-1225008910,84809,1501,159
457544866,-1225008904,84962,1509,150
457544863,-1225008900,85009,1386,151
457544857,-1225008891,85075,1414,139
457544854,-1225008887,85064,1438,141
457544850,-1225008884,85026,1482,144
457544848,-1225008883,84930,1473,148
457544840,-1225008875,85052,1494,147
457544836,-1225008871,85067,1447,149
457544838,-1225008871,84940,1347,145
457544835,-1225008869,84938,1291,135
457544829,-1225008866,85032,1297,129
457544825,-1225008865,84961,1380,130
457544820,-1225008861,84913,1437,138
457544814,-1225008859,84896,1470,144
457544803,-1225008858,84958,1538,147
457544794,-1225008858,84972,1583,154
457544788,-1225008856,84946,1619,158
457544784,-1225008854,84908,1568,162
457544777,-1225008853,84881,1581,157
457544774,-1225008855,84747,1554,158
457544770,-1225008857,84692,1471,155
457544767,-1225008857,84658,1383,147
457544763,-1225008854,84630,1354,138
457544758,-1225008852,84580,1378,135
457544756,-1225008853,84453,1382,138
457544752,-1225008852,84382,1444,138
457544745,-1225008851,84351,1554,144
457544740,-1225008849,84293,1578,155
457544740,-1225008846,84173,1474,158
457544740,-1225008844,84098,1369,147
457544740,-1225008846,84014,1262,137
457544735,-1225008844,83953,1338,126
457544731,-1225008842,83825,1404,134
457544728,-1225008839,83723,1467,140
457544724,-1225008836,83618,1533,147
457544720,-1225008833,83541,1572,153
457544716,-1225008830,83523,1524,157
457544710,-1225008829,83513,1553,152
457544705,-1225008829,83484,1549,155
457544702,-1225008831,83443,1443,155
457544698,-1225008830,83392,1391,144
457544690,-1225008826,83405,1417,139
457544683,-1225008823,83343,1460,142
457544674,-1225008820,83290,1569,146
457544665,-1225008819,83255,1596,157
457544654,-1225008820,83223,1668,160
457544646,-1225008819,83247,1599,167
457544638,-1225008817,83279,1532,160
457544633,-1225008817,83272,1439,153
457544627,-1225008817,83280,1391,144
457544620,-1225008814,83273,1458,139
457544613,-1225008812,83280,1452,146
457544606,-1225008814,83201,1482,145
457544600,-1225008818,83145,1476,148
457544591,-1225008819,83146,1559,148
457544579,-1225008814,83179,1715,156
457544569,-1225008810,83178,1815,172
457544563,-1225008810,83194,1686,181
457544564,-1225008816,83133,1407,169
457544563,-1225008815,83069,1227,141
457544556,-1225008812,82999,1285,123
457544548,-1225008810,82908,1416,129
457544543,-1225008809,82971,1323,142
457544539,-1225008812,82933,1235,132
457544534,-1225008813,82882,1267,124
457544525,-1225008811,82891,1372,127
457544515,-1225008812,82868,1525,137
457544500,-1225008813,82950,1645,153
457544492,-1225008815,83007,1575,165
457544491,-1225008819,82916,1319,158
457544494,-1225008824,82819,1063,132
457544493,-1225008822,82796,950,106
457544486,-1225008820,82865,988,95
457544477,-1225008821,82936,1124,99
457544469,-1225008823,82912,1286,112
457544464,-1225008826,82858,1346,129
457544458,-1225008826,82851,1309,135
457544449,-1225008822,82917,1357,131
457544437,-1225008818,83039,1469,136
457544429,-1225008814,83073,1463,147
457544427,-1225008810,82996,1335,146
457544425,-1225008807,82889,1248,134
457544423,-1225008802,82882,1158,125
457544417,-1225008795,82885,1197,116
457544408,-1225008790,82972,1204,120
457544401,-1225008787,83018,1195,120
457544393,-1225008783,83047,1220,120
457544389,-1225008782,82985,1177,122
457544384,-1225008776,82996,1174,118
457544376,-1225008765,83106,1236,117
457544373,-1225008756,83148,1184,124
457544371,-1225008750,83099,1149,119
457544369,-1225008747,83049,1086,115
457544367,-1225008737,83051,1112,109
457544361,-1225008728,83107,1148,111
457544357,-1225008722,83067,1192,115
457544350,-1225008717,83067,1212,119
457544341,-1225008710,83101,1316,121
457544336,-1225008703,83051,1300,132
457544330,-1225008695,82997,1345,130
457544324,-1225008688,83002,1368,134
457544317,-1225008681,83049,1367,137
457544313,-1225008676,83073,1271,137
457544315,-1225008672,83027,1131,127
457544313,-1225008664,83086,1100,113
457544309,-1225008652,83101,1208,110
457544304,-1225008641,83097,1270,121
457544302,-1225008633,83036,1292,127
457544296,-1225008628,83055,1242,129
457544292,-1225008623,83060,1168,124
457544291,-1225008617,82975,1146,117
457544290,-1225008608,82918,1192,115
457544287,-1225008599,82919,1198,119
457544283,-1225008591,82933,1194,120
457544277,-1225008584,82971,1183,119
457544273,-1225008576,83015,1137,118
457544271,-1225008569,83031,1101,114
457544270,-1225008560,82973,1194,110
457544269,-1225008555,82924,1122,119
457544267,-1225008548,82886,1101,112
457544264,-1225008538,82840,1172,110
457544261,-1225008527,82840,1245,117
457544259,-1225008514,82862,1346,124
457544256,-1225008502,82871,1379,135
457544254,-1225008492,82864,1381,138
457544255,-1225008485,82796,1329,138
457544257,-1225008480,82713,1241,133
457544257,-1225008474,82740,1164,124
457544260,-1225008465,82712,1194,116
457544263,-1225008458,82664,1194,119
457544262,-1225008449,82669,1204,119
457544262,-1225008438,82667,1282,120
457544264,-1225008432,82632,1253,128
457544268,-1225008428,82604,1203,125
457544270,-1225008421,82619,1166,120
457544271,-1225008414,82621,1171,117
457544276,-1225008409,82605,1149,117
457544281,-1225008409,82567,1022,115
457544282,-1225008397,82577,1091,102
457544281,-1225008385,82570,1130,109
457544283,-1225008377,82531,1124,113
457544286,-1225008371,82474,1134,112
457544285,-1225008365,82414,1066,113
457544287,-1225008360,82380,1046,107
457544294,-1225008360,82302,959,105
457544298,-1225008354,82257,986,96
457544303,-1225008350,82201,992,99
457544305,-1225008346,82169,961,99
457544307,-1225008342,82132,927,96
457544311,-1225008337,82097,971,93
457544314,-1225008330,82053,1022,97
457544321,-1225008326,81964,1044,102
457544320,-1225008320,81936,1031,105
457544323,-1225008315,81905,1035,103
457544328,-1225008313,81880,1033,104
457544336,-1225008315,81840,972,104
457544342,-1225008317,81828,918,98
457544348,-1225008315,81792,933,92
457544352,-1225008308,81801,992,94
457544361,-1225008307,81797,1063,100
457544365,-1225008305,81804,1022,107
457544364,-1225008304,81822,899,102
457544369,-1225008302,81820,906,90
457544372,-1225008302,81763,815,91
457544375,-1225008301,81720,738,82
457544379,-1225008303,81681,676,74
457544389,-1225008306,81670,771,68
457544400,-1225008308,81639,903,78
457544408,-1225008311,81616,924,91
457544411,-1225008313,81637,843,93
457544413,-1225008318,81740,833,85
457544419,-1225008321,81746,841,83
457544422,-1225008324,81741,814,84
457544424,-1225008325,81730,748,82
457544429,-1225008325,81715,773,75
457544437,-1225008325,81731,877,77
457544439,-1225008326,81687,815,88
457544440,-1225008328,81638,704,82
457544441,-1225008330,81641,673,71
457544446,-1225008331,81681,730,68
457544448,-1225008330,81704,714,73
457544449,-1225008328,81682,701,72
457544451,-1225008327,81646,681,70
457544454,-1225008327,81586,657,68
457544456,-1225008326,81541,659,66
457544459,-1225008325,81487,663,66
457544461,-1225008326,81448,631,67
457544462,-1225008327,81351,513,64
457544464,-1225008326,81387,513,53
457544468,-1225008327,81418,525,52
457544473,-1225008327,81420,600,53
457544480,-1225008329,81400,677,61
457544483,-1225008328,81377,661,68
457544487,-1225008327,81306,671,67
457544492,-1225008328,81247,671,68
457544499,-1225008330,81197,746,68
457544504,-1225008330,81160,724,76
457544504,-1225008329,81128,600,73
457544504,-1225008328,81093,447,61
457544511,-1225008329,81014,503,46
457544521,-1225008327,81000,640,52
457544527,-1225008325,80972,706,65
457544529,-1225008323,80928,672,71
457544529,-1225008322,80870,588,68
457544530,-1225008320,80842,540,60
457544532,-1225008321,80775,492,56
457544535,-1225008320,80720,498,51
457544538,-1225008321,80667,491,52
457544539,-1225008321,80650,455,52
457544539,-1225008318,80614,465,48
457544537,-1225008314,80610,439,49
457544538,-1225008312,80626,458,47
457544543,-1225008313,80625,521,48
457544548,-1225008316,80609,565,54
457544552,-1225008317,80611,565,59
457544552,-1225008315,80619,554,59
457544550,-1225008310,80650,523,57
457544552,-1225008309,80615,502,54
457544557,-1225008310,80580,527,53
457544560,-1225008311,80604,510,55
457544561,-1225008313,80699,441,53
457544565,-1225008317,80762,512,46
457544569,-1225008322,80785,566,52
457544571,-1225008325,80769,572,57
457544574,-1225008326,80751,562,58
457544576,-1225008324,80770,507,57
457544580,-1225008324,80754,555,51
457544583,-1225008324,80742,585,56
457544583,-1225008321,80768,529,59
457544581,-1225008319,80810,438,54
457544582,-1225008317,80779,411,45
457544584,-1225008318,80720,398,42
457544585,-1225008318,80671,358,41
457544590,-1225008318,80644,452,38
457544592,-1225008320,80676,416,47
457544593,-1225008321,80709,415,43
457544593,-1225008318,80712,408,43
457544595,-1225008317,80696,471,42
457544599,-1225008317,80665,529,48
457544604,-1225008318,80692,566,54
457544607,-1225008317,80779,608,57
457544612,-1225008318,80815,622,61
457544611,-1225008316,80786,533,62
457544609,-1225008315,80800,422,53
457544606,-1225008314,80843,349,42
457544606,-1225008313,80871,337,35
457544606,-1225008313,80896,339,34
457544606,-1225008312,80912,295,34
457544604,-1225008313,80916,231,30
457544602,-1225008313,80945,194,23
457544603,-1225008313,80998,254,20
457544610,-1225008315,81009,422,25
457544613,-1225008316,81025,471,42
457544613,-1225008315,81032,418,47
457544613,-1225008313,81058,404,42
457544613,-1225008312,81077,363,40
457544616,-1225008309,81174,467,36
457544615,-1225008305,81243,439,47
457544615,-1225008303,81216,409,44
457544616,-1225008303,81121,387,41
457544615,-1225008303,81059,305,39
457544615,-1225008304,81095,267,31
457544615,-1225008305,81129,285,27
457544617,-1225008302,81130,305,29
457544619,-1225008302,81131,333,31
457544620,-1225008303,81120,324,34
457544619,-1225008302,81103,280,33
457544617,-1225008301,81069,224,29
457544616,-1225008302,81012,181,24
457544613,-1225008303,80959,134,20
457544616,-1225008305,80870,161,17
457544624,-1225008308,80744,284,20
457544631,-1225008315,80637,415,32
457544639,-1225008320,80596,549,45
457544642,-1225008324,80624,582,57
457544642,-1225008325,80667,513,60
457544640,-1225008326,80706,435,53
457544639,-1225008327,80724,356,46
457544644,-1225008330,80588,410,38
457544644,-1225008331,80595,386,44
457544646,-1225008335,80642,440,42
457544646,-1225008341,80710,485,47
457544646,-1225008343,80809,485,50
457544644,-1225008345,80935,473,50
457544644,-1225008348,80984,455,48
457544644,-1225008349,81012,403,46
457544644,-1225008352,81017,393,41
457544638,-1225008356,81025,367,40
457544635,-1225008358,81032,325,38
457544636,-1225008358,81079,259,34
457544636,-1225008360,81112,256,28
457544639,-1225008362,81113,292,27
457544645,-1225008362,81204,422,30
457544645,-1225008363,81207,392,43
457544642,-1225008362,81194,287,40
457544638,-1225008363,81215,233,30
457544636,-1225008363,81258,218,25
457544640,-1225008363,81360,285,24
457544641,-1225008362,81382,301,30
457544641,-1225008361,81380,308,31
457544639,-1225008360,81402,251,32
457544638,-1225008363,81302,187,27
457544632,-1225008361,81317,54,22
457544635,-1225008363,81388,152,13
457544645,-1225008366,81408,404,19
457544654,-1225008367,81319,566,42
457544652,-1225008367,81296,450,58
457544651,-1225008368,81341,426,47
457544645,-1225008366,81466,287,44
457544644,-1225008365,81557,256,31
457544645,-1225008364,81651,301,27
457544649,-1225008368,81732,399,31
457544653,-1225008370,81740,458,40
457544655,-1225008370,81734,468,46
457544658,-1225008372,81716,477,47
457544656,-1225008372,81762,405,48
457544656,-1225008377,81791,410,41
457544660,-1225008383,81795,535,42
457544662,-1225008387,81833,588,54
457544661,-1225008388,81891,519,59
457544659,-1225008388,81935,437,53
457544659,-1225008386,82015,406,44
457544658,-1225008385,82058,375,41
457544659,-1225008384,82089,384,38
457544659,-1225008385,82097,363,39
457544661,-1225008386,82062,365,37
457544665,-1225008387,82030,406,37
457544668,-1225008390,81991,438,41
457544671,-1225008391,81846,407,45
457544673,-1225008393,81804,386,42
457544676,-1225008394,81820,386,41
457544677,-1225008397,81784,357,40
457544684,-1225008400,81778,459,38
457544685,-1225008404,81725,409,47
457544685,-1225008408,81644,349,43
457544687,-1225008412,81591,336,38
457544692,-1225008416,81542,392,37
457544698,-1225008420,81514,457,42
457544700,-1225008426,81599,476,49
457544699,-1225008429,81599,397,50
457544699,-1225008435,81568,383,42
457544701,-1225008440,81519,369,41
457544703,-1225008444,81507,363,40
457544708,-1225008448,81471,377,39
457544713,-1225008450,81446,369,41
457544719,-1225008451,81422,363,40
457544718,-1225008456,81396,298,40
457544716,-1225008463,81391,293,34
457544712,-1225008466,81387,233,33
457544712,-1225008474,81327,296,28
457544714,-1225008482,81270,379,34
457544721,-1225008486,81227,403,42
457544724,-1225008488,81192,388,45
457544728,-1225008491,81158,397,43
457544729,-1225008493,81119,364,44
457544728,-1225008498,81074,342,42
457544726,-1225008500,81023,286,40
457544726,-1225008503,80937,280,35
457544728,-1225008505,80845,263,36
457544729,-1225008507,80775,241,35
457544727,-1225008510,80724,252,35
457544723,-1225008517,80736,320,36
457544720,-1225008521,80752,358,41
457544720,-1225008525,80796,384,43
457544722,-1225008529,80835,412,45
457544723,-1225008535,80871,461,47
457544721,-1225008544,80917,550,51
457544725,-1225008546,80978,574,59
457544731,-1225008543,80963,518,61
457544737,-1225008540,80943,473,55
457544738,-1225008542,80939,470,51
457544735,-1225008544,80891,407,51
457544735,-1225008551,80923,463,45
457544741,-1225008553,80982,516,50
457544749,-1225008555,81038,587,55
457544748,-1225008554,81155,534,61
457544755,-1225008559,81222,627,55
457544760,-1225008563,81168,665,64
457544760,-1225008562,81145,601,68
457544759,-1225008567,81133,589,62
457544765,-1225008570,81091,617,61
457544768,-1225008576,81050,651,64
457544775,-1225008577,81015,665,67
457544778,-1225008577,80988,646,69
457544785,-1225008578,80972,683,67
457544791,-1225008577,80968,699,70
457544796,-1225008578,80978,719,72
457544805,-1225008573,80986,755,74
457544807,-1225008577,81004,751,77
457544808,-1225008580,81021,747,77
457544808,-1225008588,81027,748,76
457544814,-1225008590,81038,778,76
457544817,-1225008590,81028,767,79
457544820,-1225008591,81018,757,78
457544821,-1225008594,80998,735,77
457544819,-1225008598,80975,699,75
457544820,-1225008601,80948,675,72
457544820,-1225008604,80919,652,69
457544820,-1225008606,80885,622,67
457544825,-1225008610,80852,646,64
457544828,-1225008616,80826,659,67
457544826,-1225008628,80794,684,68
457544828,-1225008637,80762,705,71
457544831,-1225008644,80736,732,73
457544832,-1225008650,80696,731,75
457544833,-1225008656,80656,731,75
457544834,-1225008661,80616,730,75
457544837,-1225008666,80573,729,75
457544840,-1225008671,80533,736,75
457544842,-1225008678,80494,743,76
457544845,-1225008684,80456,749,77
457544850,-1225008692,80434,791,78
457544855,-1225008701,80410,832,82
457544861,-1225008710,80387,872,86
457544867,-1225008719,80367,920,90
457544868,-1225008724,80323,903,94
457544862,-1225008732,80279,879,93
457544856,-1225008740,80241,871,90
457544850,-1225008748,80204,870,90
457544845,-1225008757,80171,885,90
457544841,-1225008768,80148,922,91
457544837,-1225008780,80126,960,95
457544837,-1225008787,80101,972,99
457544836,-1225008797,80067,999,100
457544836,-1225008808,80037,1033,103
457544839,-1225008820,80023,1076,106
457544842,-1225008831,80005,1118,111
457544842,-1225008846,79982,1179,115
457544849,-1225008855,79974,1199,121
457544864,-1225008856,79980,1170,123
457544870,-1225008868,79957,1219,120
457544874,-1225008878,79946,1241,125
457544879,-1225008887,79935,1260,127
457544886,-1225008893,79919,1270,129
457544893,-1225008899,79902,1276,130
457544900,-1225008903,79881,1266,130
457544910,-1225008897,79867,1227,129
457544914,-1225008903,79840,1226,126
457544918,-1225008908,79820,1223,126
457544922,-1225008912,79801,1216,125
457544928,-1225008922,79789,1241,125
457544934,-1225008932,79777,1265,127
457544940,-1225008942,79764,1288,129
457544946,-1225008952,79752,1311,132
457544952,-1225008962,79740,1331,134
457544958,-1225008971,79728,1351,136
457544965,-1225008983,79718,1381,138
457544970,-1225008991,79706,1389,141
457544975,-1225008999,79694,1396,141
457544982,-1225009006,79681,1403,142
457544988,-1225009014,79669,1410,143
457544994,-1225009021,79657,1414,143
457545002,-1225009028,79646,1427,144
457545010,-1225009035,79637,1437,145
457545018,-1225009044,79625,1451,146
457545026,-1225009048,79634,1444,147
457545033,-1225009052,79644,1435,147
457545041,-1225009055,79657,1426,146
457545045,-1225009062,79664,1422,145
457545049,-1225009069,79673,1420,144
457545053,-1225009077,79681,1418,144
457545047,-1225009080,79762,1344,144
457545053,-1225009085,79748,1351,136
457545056,-1225009088,79701,1324,137
457545056,-1225009089,79676,1279,134
457545054,-1225009092,79650,1237,130
457545057,-1225009089,79630,1186,126
457545060,-1225009085,79608,1136,121
457545058,-1225009078,79607,1055,116
457545054,-1225009067,79605,961,108
457545052,-1225009055,79605,870,99
457545044,-1225009049,79596,783,90
457545036,-1225009043,79585,698,81
457545027,-1225009037,79573,612,73
457545013,-1225009029,79587,498,65
457545003,-1225009026,79610,425,55
457544996,-1225009014,79642,346,48
457544986,-1225009004,79675,272,41
457544976,-1225008991,79718,175,35
457544974,-1225008982,79713,138,27
457544972,-1225008972,79708,111,25
457544970,-1225008963,79701,96,24
457544970,-1225008959,79669,102,23
457544972,-1225008958,79626,109,24
457544967,-1225008963,79593,77,24
457544962,-1225008967,79558,63,24
457544964,-1225008968,79513,83,24
457544955,-1225008963,79519,30,25
457544945,-1225008958,79526,41,23
457544936,-1225008947,79544,102,23
457544928,-1225008940,79551,161,25
457544919,-1225008931,79557,220,27
457544904,-1225008933,79558,281,31
457544893,-1225008937,79541,319,36
457544886,-1225008948,79527,345,39
457544880,-1225008957,79518,371,41
457544877,-1225008959,79518,374,43
457544874,-1225008962,79519,379,44
457544871,-1225008964,79521,384,44
457544868,-1225008967,79523,390,44
457544866,-1225008970,79527,397,45
457544864,-1225008973,79528,402,45
457544860,-1225008980,79529,424,46
457544864,-1225008975,79528,378,48
457544868,-1225008970,79526,334,44
457544872,-1225008966,79526,292,40
457544870,-1225008957,79542,274,36
457544866,-1225008946,79566,275,35
457544852,-1225008934,79614,336,34
457544839,-1225008934,79632,401,39
457544828,-1225008936,79645,459,44
457544822,-1225008956,79611,501,49
457544828,-1225008955,79595,452,53
457544834,-1225008953,79579,404,49
457544841,-1225008952,79562,353,44
457544848,-1225008952,79546,311,40
457544852,-1225008951,79528,276,36
457544856,-1225008949,79510,242,33
457544863,-1225008946,79487,196,31
457544861,-1225008947,79485,200,27
457544858,-1225008950,79486,214,28
457544858,-1225008945,79489,193,29
457544862,-1225008949,79471,178,27
457544860,-1225008943,79463,178,26
457544862,-1225008943,79465,166,26
457544864,-1225008941,79469,156,25
457544867,-1225008941,79434,131,24
457544856,-1225008937,79475,188,22
457544855,-1225008938,79495,188,25
457544854,-1225008938,79515,187,25
457544855,-1225008941,79539,181,25
457544849,-1225008937,79550,199,24
457544842,-1225008931,79562,223,25
457544837,-1225008927,79579,240,27
457544832,-1225008924,79596,255,28
457544824,-1225008916,79605,285,29
457544814,-1225008907,79611,320,32
457544812,-1225008907,79631,323,35
457544811,-1225008908,79647,317,35
457544802,-1225008898,79693,346,35
457544788,-1225008882,79726,403,37
457544773,-1225008867,79757,465,43
457544764,-1225008875,79791,493,48
457544735,-1225008866,79863,631,51
457544715,-1225008868,79926,724,64
457544693,-1225008853,79997,813,73
457544672,-1225008837,80072,899,82
457544656,-1225008815,80139,970,90
457544644,-1225008788,80198,1035,97
457544623,-1225008761,80254,1131,104
457544602,-1225008736,80310,1228,113
457544579,-1225008715,80368,1320,123
457544576,-1225008716,80403,1284,132
457544576,-1225008716,80438,1246,128
457544575,-1225008716,80473,1207,125
457544596,-1225008737,80474,1043,121
457544606,-1225008747,80496,951,104
457544618,-1225008755,80515,860,95
457544632,-1225008759,80527,771,86
457544641,-1225008768,80525,702,77
457544642,-1225008770,80534,681,70
457544643,-1225008772,80543,660,68
457544643,-1225008774,80551,641,66
457544644,-1225008776,80558,621,64
457544644,-1225008776,80564,609,62
457544653,-1225008778,80546,558,61
457544657,-1225008785,80537,517,56
457544662,-1225008792,80527,477,52
457544667,-1225008799,80516,440,48
457544671,-1225008806,80505,405,44
457544676,-1225008812,80493,372,41
457544683,-1225008821,80477,330,38
457544678,-1225008820,80479,345,33
457544673,-1225008818,80480,361,35
457544663,-1225008813,80488,396,36
457544650,-1225008805,80499,449,40
457544635,-1225008796,80515,512,45
457544626,-1225008805,80619,539,51
457544609,-1225008811,80636,603,54
457544598,-1225008818,80655,643,60
457544587,-1225008826,80671,678,64
457544577,-1225008834,80689,714,68
457544559,-1225008836,80720,778,72
457544541,-1225008838,80749,840,78
457544517,-1225008847,80792,936,84
457544496,-1225008851,80829,1008,94
457544476,-1225008856,80866,1077,101
457544457,-1225008850,80926,1112,108
457544432,-1225008848,81014,1184,111
457544414,-1225008843,81127,1215,118
457544397,-1225008852,81224,1261,122
457544402,-1225008859,81281,1211,126
457544418,-1225008874,81325,1123,121
457544424,-1225008889,81384,1099,112
457544430,-1225008903,81411,1068,110
457544442,-1225008915,81428,1010,107
457544459,-1225008926,81438,941,101
457544475,-1225008939,81443,889,94
457544495,-1225008955,81432,841,89
457544485,-1225008964,81472,889,84
457544470,-1225008963,81536,909,89
457544466,-1225008976,81586,939,91
457544465,-1225008981,81610,930,94
457544464,-1225008988,81631,926,93
457544462,-1225008998,81643,942,93
457544460,-1225009008,81653,959,94
457544454,-1225009024,81677,1016,96
457544464,-1225009043,81706,1021,102
457544451,-1225009060,81784,1102,102
457544455,-1225009065,81820,1071,110
457544461,-1225009063,81873,1009,107
457544467,-1225009065,81906,971,101
457544452,-1225009066,81980,984,97
457544433,-1225009070,82056,1025,98
457544412,-1225009077,82135,1090,103
457544375,-1225009072,82204,1154,109
457544370,-1225009067,82200,1108,115
457544379,-1225009075,82235,1080,111
457544382,-1225009075,82313,1035,108
457544381,-1225009072,82378,988,104
457544381,-1225009064,82440,925,99
457544386,-1225009078,82500,933,93
457544385,-1225009098,82579,988,93
457544401,-1225009112,82019,967,99
457544399,-1225009111,82012,933,97
457544405,-1225009101,82008,825,93
457544420,-1225009084,81981,666,83
457544424,-1225009064,82011,527,67
457544429,-1225009050,82065,417,53
457544429,-1225009029,82082,294,42
457544426,-1225009011,82104,209,29
457544412,-1225009001,82134,222,21
457544406,-1225009001,82152,236,22
457544400,-1225008999,82160,247,24
457544400,-1225008999,82172,236,25
457544399,-1225008996,82185,225,24
457544400,-1225008994,82192,206,23
457544406,-1225008997,82196,180,21
457544413,-1225009004,82202,167,18
457544404,-1225009002,82219,197,17
457544392,-1225009004,82233,250,20
457544382,-1225009002,82241,286,25
457544370,-1225008992,82246,314,29
457544360,-1225008984,82250,342,31
457544349,-1225008980,82257,381,34
457544336,-1225008976,82265,426,38
457544323,-1225008972,82273,472,43
457544308,-1225008972,82276,538,47
457544308,-1225008972,82282,525,54
457544309,-1225008972,82289,510,52
457544314,-1225008976,82294,485,51
457544321,-1225008982,82298,457,49
457544313,-1225008970,82312,456,46
457544306,-1225008958,82326,462,46
457544300,-1225008948,82340,470,46
457544297,-1225008936,82354,468,47
457544282,-1225008923,82368,520,47
457544267,-1225008911,82381,572,52
457544252,-1225008898,82395,623,57
457544236,-1225008886,82408,673,62
457544221,-1225008873,82420,723,67
457544206,-1225008861,82433,773,72
457544198,-1225008848,82446,799,77
457544188,-1225008835,82459,830,80
457544187,-1225008827,82480,815,83
457544187,-1225008827,82480,815,82
457544187,-1225008825,82490,802,81
457544187,-1225008824,82501,785,80
457544182,-1225008818,82508,797,79
457544180,-1225008813,82515,797,80
457544177,-1225008808,82523,799,80
457544175,-1225008805,82530,793,80
457544177,-1225008807,82538,771,79
457544178,-1225008802,82544,762,77
457544178,-1225008802,82551,745,76
457544179,-1225008803,82559,730,74
457544179,-1225008804,82567,717,73
457544161,-1225008815,82580,761,72
457544171,-1225008829,82591,716,76
457544180,-1225008843,82627,690,72
457544191,-1225008858,82637,648,69
457544187,-1225008862,82647,654,65
457544189,-1225008876,82657,650,65
457544164,-1225008861,82756,664,65
457544127,-1225008837,82848,715,66
457544107,-1225008824,82934,718,72
457544088,-1225008809,83017,715,72
457544069,-1225008793,83100,714,72
457544050,-1225008777,83181,712,71
457544032,-1225008763,83258,708,71
457544009,-1225008749,83335,728,71
457543985,-1225008733,83414,746,73
457543963,-1225008710,83493,752,75
457543953,-1225008687,83567,715,75
457543950,-1225008668,83640,665,71
457543938,-1225008642,83715,647,67
457543928,-1225008613,83790,637,65
457543913,-1225008586,83868,646,64
457543900,-1225008561,83939,657,65
457543888,-1225008537,84009,674,66
457543872,-1225008510,84078,708,67
457543853,-1225008489,84145,728,71
457543829,-1225008467,84212,762,73
457543808,-1225008444,84280,792,76
457543783,-1225008421,84348,825,79
457543760,-1225008392,84417,869,82
457543735,-1225008356,84487,934,87
457543711,-1225008321,84557,998,93
457543690,-1225008288,84626,1051,100
457543675,-1225008247,84693,1126,105
457543658,-1225008226,84755,1137,113
457543640,-1225008203,84819,1150,114
457543621,-1225008180,84883,1164,115
457543584,-1225008154,84951,1195,116
457543549,-1225008131,85014,1224,119
457543514,-1225008110,85073,1252,122
457543472,-1225008085,85128,1309,125
457543428,-1225008061,85183,1371,131
457543393,-1225008035,85238,1423,137
457543361,-1225008005,85292,1481,142
457543329,-1225007976,85343,1536,148
457543301,-1225007945,85389,1596,154
457543295,-1225007933,85444,1559,160
457543302,-1225007930,85501,1477,156
457543295,-1225007916,85551,1455,148
457543281,-1225007900,85596,1453,145
457543281,-1225007894,85647,1396,145
457543285,-1225007891,85700,1328,140
457543280,-1225007891,85746,1270,133
457543273,-1225007891,85794,1215,127
457543283,-1225007904,85890,1129,122
457543269,-1225007897,85938,1109,113
457543252,-1225007889,85982,1107,111
457543228,-1225007875,86025,1131,111
457543203,-1225007859,86067,1162,113
457543177,-1225007843,86108,1198,116
457543149,-1225007826,86149,1235,120
457543122,-1225007817,86193,1257,123
457543094,-1225007807,86237,1282,126
457543064,-1225007797,86278,1318,128
457543039,-1225007782,86317,1343,132
457543015,-1225007769,86355,1366,134
457542992,-1225007756,86390,1387,137
457542969,-1225007745,86426,1405,139
457542940,-1225007749,86459,1427,141
457542921,-1225007731,86492,1444,143
457542915,-1225007723,86530,1413,144
457542933,-1225007707,86573,1324,141
457542926,-1225007712,86615,1280,132
457542918,-1225007710,86660,1249,128
457542903,-1225007700,86699,1249,125
457542882,-1225007685,86735,1271,125
457542865,-1225007668,86770,1287,127
457542851,-1225007659,86811,1285,129
457542839,-1225007651,86850,1281,129
457542826,-1225007642,86891,1277,128
457542814,-1225007634,86929,1272,128
457542802,-1225007625,86967,1267,127
457542791,-1225007616,87006,1263,127
457542778,-1225007607,87047,1260,126
457542766,-1225007598,87087,1256,126
457542752,-1225007590,87125,1259,126
457542752,-1225007581,87166,1222,126
457542750,-1225007570,87206,1190,122
457542756,-1225007561,87249,1137,119
457542761,-1225007541,87286,1109,114
457542758,-1225007526,87319,1100,111
457542756,-1225007515,87353,1079,110
457542757,-1225007504,87386,1056,108
457542757,-1225007493,87418,1037,106
457542758,-1225007482,87452,1013,104
457542734,-1225007462,87468,1075,101
457542722,-1225007448,87499,1089,108
457542706,-1225007433,87528,1119,109
457542705,-1225007422,87562,1105,112
457542706,-1225007412,87594,1089,111
457542696,-1225007408,87623,1075,109
457542686,-1225007405,87650,1063,107
457542677,-1225007403,87677,1053,106
457542669,-1225007402,87703,1044,105
457542658,-1225007396,87729,1052,104
457542616,-1225007368,87698,1159,105
457542595,-1225007362,87721,1193,116
457542567,-1225007357,87740,1249,119
457542539,-1225007366,87762,1294,125
457542521,-1225007366,87785,1323,129
457542505,-1225007367,87809,1350,132
457542489,-1225007369,87833,1379,135
457542499,-1225007370,87868,1309,138
457542496,-1225007368,87895,1284,131
457542486,-1225007366,87920,1280,128
457542502,-1225007360,87956,1178,128
457542501,-1225007355,87987,1147,118
457542504,-1225007357,88020,1100,115
457542502,-1225007360,88052,1071,110
457542473,-1225007395,88084,1141,107
457542469,-1225007395,88115,1134,114
457542466,-1225007397,88146,1125,113
457542461,-1225007396,88174,1120,112
457542454,-1225007396,88202,1126,112
457542438,-1225007388,88225,1159,113
457542421,-1225007380,88248,1190,116
457542405,-1225007372,88270,1222,119
457542389,-1225007364,88290,1249,122
457542379,-1225007349,88311,1256,125
457542376,-1225007329,88332,1239,126
457542377,-1225007307,88354,1210,124
457542380,-1225007286,88378,1184,121
457542391,-1225007254,88401,1160,118
457542392,-1225007249,88431,1133,116
457542371,-1225007245,88451,1168,113
457542352,-1225007242,88475,1198,117
457542325,-1225007240,88496,1258,120
457542314,-1225007236,88523,1263,126
457542303,-1225007232,88550,1268,126
457542283,-1225007241,88581,1289,127
457542272,-1225007240,88610,1295,129
457542272,-1225007237,88644,1258,130
457542272,-1225007239,88678,1223,126
457542265,-1225007239,88703,1215,122
457542263,-1225007230,88729,1196,122
457542273,-1225007225,88775,1139,120
457542291,-1225007215,88821,1071,114
457542301,-1225007207,88860,1028,107
457542302,-1225007194,88887,1028,103
457542293,-1225007184,88910,1055,103
457542295,-1225007181,88943,1033,105
457542300,-1225007176,88981,1006,103
457542306,-1225007170,89022,979,101
457542304,-1225007158,89050,989,98
457542317,-1225007163,89103,918,99
457542318,-1225007164,89138,890,92
457542310,-1225007157,89099,842,89
457542314,-1225007159,89137,805,84
457542316,-1225007160,89174,776,81
457542316,-1225007162,89208,757,78
457542317,-1225007163,89241,738,76
457542315,-1225007161,89275,732,74
457542313,-1225007159,89308,730,73
457542308,-1225007161,89342,732,73
457542304,-1225007160,89375,735,73
457542295,-1225007157,89402,755,74
457542286,-1225007154,89429,776,76
457542279,-1225007151,89456,791,78
457542280,-1225007149,89492,773,79
457542281,-1225007145,89529,760,77
457542289,-1225007144,89569,723,76
457542299,-1225007137,89605,685,72
457542314,-1225007132,89644,635,69
457542325,-1225007120,89687,611,64
457542337,-1225007107,89731,602,61
457542343,-1225007096,89763,603,61
457542349,-1225007085,89794,610,61
457542354,-1225007072,89825,628,61
457542365,-1225007046,89847,698,63
457542373,-1225007042,89890,679,70
457542384,-1225007039,89936,655,68
457542371,-1225007032,89958,673,66
457542356,-1225007022,89981,720,68
457542347,-1225007021,90026,688,72
457542350,-1225007026,90071,630,69
457542362,-1225007040,90120,516,64
457542349,-1225007040,90140,540,53
457542337,-1225007036,90168,585,55
457542329,-1225007024,90185,635,59
457542330,-1225007014,90213,652,64
457542331,-1225007006,90245,659,66
457542312,-1225006981,90262,791,67
457542309,-1225006973,90282,809,80
457542309,-1225006967,90302,817,81
457542323,-1225006964,90328,785,82
457542336,-1225006964,90352,746,79
457542355,-1225006960,90381,717,75
457542357,-1225006957,90397,709,72
457542357,-1225006947,90426,729,72
457542343,-1225006938,90441,776,74
457542329,-1225006930,90452,827,78
457542319,-1225006900,90445,952,83
457542280,-1225006896,90457,1047,96
457542280,-1225006895,90499,1029,105
457542268,-1225006893,90531,1068,103
457542267,-1225006895,90556,1074,107
457542272,-1225006900,90581,1052,108
457542261,-1225006910,90630,1065,106
457542261,-1225006905,90653,1078,107
457542261,-1225006902,90676,1083,108
457542262,-1225006899,90697,1077,109
457542272,-1225006906,90712,1033,108
457542285,-1225006910,90758,1008,104
457542300,-1225006921,90798,937,101
457542315,-1225006934,90831,852,94
457542343,-1225006961,90854,695,86
457542368,-1225006983,90876,595,70
457542394,-1225006996,90910,525,60
457542398,-1225007010,90927,521,54
457542395,-1225007027,90938,498,53
457542402,-1225007043,90959,456,51
457542404,-1225007066,90992,449,47
457542410,-1225007084,91031,430,46
457542421,-1225007104,91077,411,44
457542414,-1225007111,91129,465,42
457542409,-1225007118,91184,505,48
457542419,-1225007125,91251,470,52
457542418,-1225007141,91341,473,48
457542429,-1225007139,91372,430,49
457542435,-1225007125,91352,404,45
457542417,-1225007095,91409,502,42
457542438,-1225007100,91452,446,52
457542461,-1225007101,91502,375,46
457542508,-1225007108,91578,195,40
457542520,-1225007112,91636,203,24
457542537,-1225007119,91691,206,24
457542579,-1225007128,91761,119,25
457542593,-1225007132,91812,85,19
457542611,-1225007139,91859,118,17
457542620,-1225007148,91892,129,19
457542632,-1225007149,91946,149,19
457542641,-1225007153,91995,162,21
457542636,-1225007150,92047,97,22
457542649,-1225007157,92119,152,19
457542652,-1225007175,92138,185,23
457542661,-1225007194,92167,269,25
457542662,-1225007212,92186,306,32
457542669,-1225007233,92179,376,35
457542682,-1225007237,92221,412,41
457542694,-1225007244,92246,445,44
457542701,-1225007259,92210,477,47
457542713,-1225007271,92192,493,50
457542717,-1225007280,92173,469,52
457542721,-1225007279,92133,421,49
457542731,-1225007291,92088,451,44
457542753,-1225007328,91993,625,47
457542752,-1225007337,91924,595,63
457542778,-1225007381,92198,724,60
457542810,-1225007418,92582,860,73
457542836,-1225007423,92823,844,87
457542868,-1225007480,93263,1066,86
457542898,-1225007536,93679,1252,109
457542926,-1225007595,94076,1448,127
457542952,-1225007654,94447,1623,147
457542973,-1225007710,94831,1749,165
457543000,-1225007764,95229,1908,178
457543027,-1225007819,95620,2079,194
457543047,-1225007874,96020,2230,211
457543064,-1225007930,96402,2387,227
457543085,-1225007983,96778,2531,243
457543112,-1225008045,97110,2716,258
457543136,-1225008102,97421,2880,276
457543161,-1225008159,97722,3041,293
457543191,-1225008199,97944,3111,309
457543219,-1225008240,98155,3186,316
457543230,-1225008265,98397,3082,324
457543246,-1225008283,98665,2973,314
457543268,-1225008306,98928,2932,303
457543295,-1225008324,99124,2908,299
457543315,-1225008335,99397,2813,297
457543337,-1225008350,99641,2756,288
457543363,-1225008384,99998,2855,283
457543388,-1225008421,100349,2946,293
457543414,-1225008455,100704,3032,303
457543440,-1225008490,101059,3138,312
457543467,-1225008527,101405,3272,323
457543494,-1225008558,101762,3358,336
457543523,-1225008591,102083,3466,345
457543537,-1225008598,102106,3435,356
457543551,-1225008605,102136,3407,353
457543565,-1225008611,102165,3375,350
457543581,-1225008611,102197,3336,347
457543595,-1225008619,102233,3318,343
457543610,-1225008626,102270,3302,342
457543620,-1225008635,102297,3264,340
457543632,-1225008645,102288,3236,336
457543643,-1225008652,102320,3195,333
457543653,-1225008658,102355,3150,329
457543664,-1225008666,102387,3126,325
457543675,-1225008677,102410,3110,322
457543685,-1225008689,102431,3089,321
457543695,-1225008708,102444,3094,318
457543705,-1225008720,102455,3076,319
457543717,-1225008732,102463,3065,317
457543728,-1225008743,102480,3050,316
457543736,-1225008750,102522,3008,314
457543742,-1225008755,102567,2944,310
457543748,-1225008763,102643,2906,304
457543754,-1225008771,102718,2868,300
457543759,-1225008779,102788,2828,297
457543767,-1225008783,102889,2796,293
457543784,-1225008776,102919,2767,290
457543790,-1225008782,103023,2729,287
457543795,-1225008786,103129,2692,284
457543799,-1225008790,103230,2652,280
457543802,-1225008790,103328,2583,276
457543805,-1225008790,103421,2516,270
457543807,-1225008789,103515,2452,264
457543811,-1225008788,103605,2402,258
457543810,-1225008788,103683,2329,253
457543814,-1225008796,103764,2309,246
457543818,-1225008805,103842,2290,244
457543823,-1225008811,103921,2271,243
457543826,-1225008814,103977,2228,241
457543840,-1225008826,103965,2272,237
457543857,-1225008843,103946,2337,241
457543861,-1225008847,103988,2297,247
457543853,-1225008855,103986,2201,243
457543859,-1225008855,104049,2168,234
457543865,-1225008855,104111,2134,231
457543871,-1225008855,104172,2102,228
457543876,-1225008855,104233,2070,225
457543876,-1225008850,104316,2000,222
457543883,-1225008841,104427,1967,216
457543879,-1225008834,104487,1873,213
457543873,-1225008825,104546,1763,204
457543868,-1225008815,104621,1665,194
457543862,-1225008805,104698,1568,186
457543856,-1225008794,104774,1472,177
457543850,-1225008782,104857,1387,169
457543847,-1225008769,104951,1320,162
457543864,-1225008771,104938,1376,156
457543875,-1225008768,104908,1393,161
457543887,-1225008765,104871,1410,162
457543894,-1225008763,104836,1406,163
457543906,-1225008771,104809,1430,162
457543923,-1225008788,104816,1500,164
457543923,-1225008792,104891,1473,170
457543929,-1225008795,104995,1477,168
457543933,-1225008800,105107,1475,168
457543946,-1225008811,105197,1529,169
457543956,-1225008819,105257,1555,174
457543959,-1225008830,105302,1555,176
457543971,-1225008843,105311,1593,176
457543974,-1225008846,105315,1576,179
457543966,-1225008844,105340,1498,177
457543957,-1225008836,105366,1403,170
457543944,-1225008828,105379,1291,162
457543940,-1225008814,105420,1213,152
457543947,-1225008805,105516,1212,145
457543952,-1225008797,105602,1205,146
457543957,-1225008790,105690,1201,145
457543958,-1225008783,105764,1178,145
457543956,-1225008777,105826,1134,143
457543953,-1225008771,105890,1090,140
457543950,-1225008765,105956,1047,137
457543941,-1225008759,106008,976,133
457543941,-1225008752,106087,955,128
457543946,-1225008747,106182,968,126
457543951,-1225008743,106277,982,128
457543957,-1225008738,106371,999,129
457543952,-1225008731,106437,952,130
457543947,-1225008723,106505,906,127
457543942,-1225008715,106572,861,124
457543938,-1225008707,106642,827,120
457543938,-1225008698,106725,820,118
457543942,-1225008688,106824,846,118
457543939,-1225008680,106898,822,120
457543934,-1225008671,106962,793,118
457543929,-1225008663,107029,759,116
457543924,-1225008654,107099,732,114
457543918,-1225008647,107168,703,112
457543913,-1225008642,107236,666,111
457543906,-1225008636,107306,628,108
457543900,-1225008631,107378,591,106
457543896,-1225008631,107451,548,104
457543892,-1225008634,107522,496,101
457543887,-1225008637,107592,448,99
457543883,-1225008641,107662,401,97
457543890,-1225008658,107745,412,95
457543885,-1225008658,107823,388,96
457543881,-1225008652,107897,368,95
457543878,-1225008646,107973,351,94
457543876,-1225008639,108047,336,94
457543873,-1225008633,108121,324,94
457543871,-1225008623,108192,321,93
457543870,-1225008619,108281,319,93
457543868,-1225008613,108371,317,94
457543869,-1225008613,108460,315,94
457543871,-1225008613,108555,316,94
457543873,-1225008612,108646,324,95
457543878,-1225008610,108743,343,96
457543874,-1225008607,108807,317,97
457543870,-1225008606,108871,288,96
457543861,-1225008597,108933,256,96
457543853,-1225008588,108994,231,95
457543844,-1225008578,109055,213,94
457543834,-1225008568,109110,203,94
457543824,-1225008558,109162,206,94
457543810,-1225008551,109219,190,94
457543797,-1225008545,109275,189,93
457543784,-1225008540,109335,202,93
457543779,-1225008534,109426,219,93
457543773,-1225008529,109519,234,94
457543772,-1225008528,109644,225,94
457543764,-1225008524,109729,232,95
457543757,-1225008521,109817,241,95
457543744,-1225008514,109877,278,96
457543731,-1225008506,109936,317,97
457543718,-1225008499,109994,358,98
457543706,-1225008492,110051,399,99
457543692,-1225008485,110108,440,101
457543678,-1225008476,110156,490,103
457543665,-1225008468,110212,533,105
457543660,-1225008454,110275,564,107
457543654,-1225008438,110336,599,109
457543652,-1225008425,110420,623,111
457543652,-1225008417,110502,624,112
457543653,-1225008408,110585,628,113
457543663,-1225008396,110687,629,113
457543669,-1225008379,110806,672,114
457543668,-1225008357,110889,750,117
457543665,-1225008334,110978,835,121
457543661,-1225008320,111072,884,127
457543657,-1225008305,111172,927,130
457543654,-1225008291,111271,970,133
457543655,-1225008286,111366,962,136
457543656,-1225008281,111463,955,136
457543658,-1225008278,111558,940,135
457543656,-1225008262,111664,998,134
457543644,-1225008255,111758,990,138
457543629,-1225008242,111857,1022,138
457543617,-1225008238,111948,1006,141
457543605,-1225008233,112041,994,140
457543595,-1225008231,112148,973,139
457543578,-1225008223,112212,989,138
457543561,-1225008214,112275,1009,139
457543543,-1225008207,112334,1030,140
457543535,-1225008203,112416,1026,142
457543527,-1225008198,112496,1025,142
457543516,-1225008200,112586,1005,142
457543501,-1225008193,112685,1028,140
457543499,-1225008184,112824,1038,142
457543484,-1225008174,112935,1069,143
457543471,-1225008172,113038,1071,145
457543461,-1225008169,113153,1070,146
457543443,-1225008177,113294,1052,146
457543436,-1225008171,113400,1056,145
457543426,-1225008164,113492,1071,145
457543411,-1225008155,113555,1102,146
457543396,-1225008147,113619,1134,149
457543385,-1225008138,113672,1156,151
457543374,-1225008131,113728,1176,153
457543359,-1225008123,113791,1205,155
457543341,-1225008119,113867,1232,157
457543319,-1225008118,113939,1266,159
457543309,-1225008104,113997,1296,162
457543297,-1225008082,114053,1354,164
457543284,-1225008061,114110,1411,169
457543271,-1225008040,114168,1468,174
457543262,-1225008018,114235,1519,178
457543256,-1225008000,114335,1551,183
457543250,-1225007982,114441,1582,185
457543238,-1225007972,114567,1600,188
457543224,-1225007962,114694,1621,190
457543200,-1225007964,114852,1631,192
457543187,-1225007967,114982,1617,193
457543174,-1225007968,115108,1608,191
457543160,-1225007969,115231,1603,190
457543147,-1225007968,115347,1604,190
457543139,-1225007958,115440,1614,190
457543131,-1225007947,115531,1627,191
457543124,-1225007935,115617,1643,192
457543122,-1225007921,115718,1652,193
457543113,-1225007894,115817,1716,194
457543120,-1225007883,115921,1699,199
457543129,-1225007868,116018,1692,198
457543140,-1225007853,116115,1692,198
457543146,-1225007841,116223,1684,198
457543152,-1225007831,116332,1675,197
457543156,-1225007821,116444,1663,197
457543166,-1225007810,116580,1654,196
457543163,-1225007801,116652,1649,195
457543159,-1225007792,116725,1643,195
457543156,-1225007783,116799,1638,194
457543153,-1225007774,116872,1632,194
457543150,-1225007765,116946,1625,194
457543151,-1225007764,117029,1584,193
457543153,-1225007761,117091,1555,190
457543163,-1225007754,117185,1535,188
457543174,-1225007748,117279,1516,186
457543186,-1225007741,117374,1498,185
457543198,-1225007734,117472,1484,184
457543212,-1225007727,117574,1473,183
457543224,-1225007721,117670,1459,182
457543236,-1225007715,117768,1447,181
457543251,-1225007705,117860,1454,180
457543267,-1225007696,117957,1462,181
457543282,-1225007688,118054,1471,182
457543298,-1225007679,118149,1479,183
457543305,-1225007677,118222,1445,184
457543308,-1225007680,118304,1382,182
457543311,-1225007683,118385,1318,177
457543309,-1225007695,118461,1196,172
457543299,-1225007689,118529,1175,163
457543288,-1225007683,118598,1152,161
457543275,-1225007679,118670,1122,160
457543252,-1225007682,118760,1051,157
457543236,-1225007680,118829,1028,152
457543221,-1225007677,118897,1013,150
457543215,-1225007667,118950,1036,149
457543209,-1225007656,119002,1057,151
457543203,-1225007646,119054,1079,152
457543198,-1225007634,119108,1102,154
457543193,-1225007623,119161,1126,156
457543187,-1225007612,119216,1149,157
457543182,-1225007600,119271,1171,159
457543177,-1225007588,119325,1194,160
457543324,-1225007580,106138,1236,162
457543339,-1225007566,105104,1269,124
457543345,-1225007550,104863,1305,127
457543350,-1225007533,104759,1341,131
457543354,-1225007517,104703,1379,134
457543359,-1225007499,104668,1417,138
457543364,-1225007482,104645,1457,142
457543379,-1225007459,104605,1537,146
457543381,-1225007443,104602,1561,154
457543380,-1225007427,104606,1582,156
457543372,-1225007415,104630,1577,158
457543361,-1225007403,104658,1568,158
457543369,-1225007380,104654,1633,157
457543371,-1225007360,104659,1680,163
457543372,-1225007339,104668,1723,168
457543374,-1225007289,104713,1901,172
457543374,-1225007245,104748,2047,190
457543378,-1225007206,104778,2169,205
457543388,-1225007165,104795,2310,217
457543384,-1225007152,104806,2285,231
457543382,-1225007138,104817,2268,229
457543375,-1225007137,104822,2181,227
457543365,-1225007137,104829,2092,218
457543354,-1225007136,104839,2004,209
457543342,-1225007136,104849,1921,200
457543331,-1225007136,104861,1846,192
457543317,-1225007135,104872,1775,185
457543288,-1225007138,104894,1674,177
457543276,-1225007130,104906,1654,167
457543272,-1225007116,104917,1669,165
457543267,-1225007104,104925,1675,167
457543265,-1225007089,104932,1699,168
457543256,-1225007078,104941,1696,170
457543245,-1225007070,104952,1681,170
457543238,-1225007056,104962,1695,168
457543233,-1225007042,104972,1709,170
457543227,-1225007029,104982,1722,171
457543221,-1225007015,104991,1734,172
457543222,-1225006994,104999,1777,173
457543222,-1225006975,105008,1812,178
457543238,-1225006966,105017,1810,181
457543255,-1225006957,105027,1810,181
457543273,-1225006949,105038,1813,181
457543289,-1225006941,105049,1813,181
457543299,-1225006937,105062,1782,181
457543309,-1225006934,105075,1751,178
457543338,-1225006915,105087,1825,175
457543343,-1225006917,105100,1764,183
457543348,-1225006919,105112,1704,176
457543346,-1225006924,105124,1615,170
457543350,-1225006927,105136,1556,161
457543353,-1225006930,105148,1499,156
457543354,-1225006933,105160,1434,150
457543346,-1225006944,105172,1330,143
457543341,-1225006953,105184,1244,133
457543336,-1225006962,105197,1168,124
457543337,-1225006979,105211,1066,117
457543347,-1225006999,105227,964,107
457543357,-1225007018,105242,871,96
457543369,-1225007035,105258,793,87
457543381,-1225007052,105273,718,79
457543387,-1225007063,105288,669,72
457543380,-1225007054,105299,695,67
457543370,-1225007048,105309,712,70
457543361,-1225007040,105319,735,71
457543350,-1225007034,105330,754,74
457543329,-1225007034,105339,764,75
457543313,-1225007026,105348,790,76
457543302,-1225007013,105359,828,79
457543289,-1225007001,105370,864,83
457543274,-1225006991,105381,895,86
457543259,-1225006981,105392,927,90
457543245,-1225006970,105403,959,93
457543231,-1225006960,105414,991,96
457543215,-1225006950,105425,1022,99
457543210,-1225006937,105436,1042,102
457543200,-1225006925,105448,1064,104
457543191,-1225006913,105458,1087,106
457543185,-1225006899,105470,1113,109
457543179,-1225006885,105481,1140,111
457543173,-1225006871,105493,1167,114
457543169,-1225006855,105506,1198,117
457543166,-1225006840,105519,1232,120
457543165,-1225006823,105533,1272,123
457543156,-1225006812,105545,1285,127
457543143,-1225006804,105555,1282,129
457543159,-1225006779,105572,1337,128
457543170,-1225006757,105588,1397,134
457543179,-1225006734,105605,1466,140
457543194,-1225006706,105624,1573,147
457543197,-1225006685,105640,1620,157
457543199,-1225006664,105657,1666,162
457543197,-1225006646,105672,1686,167
457543196,-1225006627,105688,1712,169
457543194,-1225006609,105702,1738,171
457543176,-1225006598,105715,1711,174
457543165,-1225006582,105731,1728,171
457543154,-1225006566,105747,1744,173
457543146,-1225006548,105764,1780,174
457543139,-1225006529,105781,1818,178
457543132,-1225006510,105798,1855,182
457543111,-1225006498,105814,1852,186
457543109,-1225006495,105837,1836,185
457543097,-1225006499,105857,1766,184
457543086,-1225006502,105876,1704,177
457543072,-1225006508,105895,1636,170
457543057,-1225006515,105913,1569,164
457543042,-1225006522,105930,1511,157
457543028,-1225006530,105947,1464,151
457543017,-1225006535,105965,1426,146
457543016,-1225006535,105983,1395,143
457543015,-1225006536,106002,1365,140
457543014,-1225006536,106021,1336,137
457543016,-1225006540,106042,1294,134
457543002,-1225006524,106053,1327,129
457542986,-1225006509,106064,1358,133
457542971,-1225006492,106074,1390,136
457542944,-1225006483,106081,1421,139
457542925,-1225006469,106090,1462,142
457542936,-1225006456,106087,1474,146
457542913,-1225006441,106095,1525,147
457542855,-1225006434,106092,1611,153
457542799,-1225006429,106098,1702,161
457542788,-1225006424,106114,1705,170
457542784,-1225006409,106124,1705,171
457542774,-1225006393,106126,1723,171
457542761,-1225006375,106129,1753,172
457542755,-1225006362,106129,1757,175
457542751,-1225006347,106130,1767,176
457542723,-1225006327,106142,1825,177
457542690,-1225006296,106147,1915,183
457542662,-1225006263,106154,2021,192
457542654,-1225006243,106159,2063,202
457542642,-1225006222,106158,2110,206
457542638,-1225006204,106145,2130,211
457542637,-1225006181,106121,2164,213
457542624,-1225006140,106083,2267,216
457542622,-1225006126,106012,2299,227
457542616,-1225006119,105972,2311,230
457542615,-1225006108,105956,2289,231
457542614,-1225006095,105940,2274,229
457542615,-1225006083,105928,2270,227
457542629,-1225006077,105929,2249,227
457542669,-1225006090,105948,2112,225
457542711,-1225006097,105955,2062,211
457542703,-1225006079,105941,2087,206
457542716,-1225006083,105941,1983,209
457542758,-1225006106,105942,1812,198
457542799,-1225006139,105941,1654,181
457542801,-1225006125,105925,1670,165
457542841,-1225006132,105927,1595,167
457542850,-1225006119,105908,1638,159
457542871,-1225006111,105867,1726,164
457542913,-1225006117,105770,1781,173
457542955,-1225006130,105665,1747,178
457543024,-1225006161,105573,1600,175
457543080,-1225006179,105484,1599,160
457543105,-1225006170,105386,1727,160
457543151,-1225006193,105315,1645,173
457543183,-1225006207,105273,1589,165
457543222,-1225006224,105224,1552,159
457543255,-1225006239,105174,1503,155
457543288,-1225006254,105122,1456,150
457543360,-1225006313,105105,1264,146
457543407,-1225006330,105036,1285,126
457543443,-1225006342,104975,1273,129
457543479,-1225006357,104909,1237,127
457543510,-1225006365,104845,1260,124
457543548,-1225006377,104783,1257,126
457543569,-1225006375,104763,1278,126
457543573,-1225006358,104723,1313,128
457543578,-1225006344,104682,1364,131
457543615,-1225006349,104626,1359,136
457543650,-1225006354,104562,1329,136
457543688,-1225006381,104504,1251,133
457543712,-1225006400,104461,1204,125
457543725,-1225006411,104455,1178,120
457543739,-1225006416,104449,1271,118
457543764,-1225006440,104453,1130,127
457543794,-1225006473,104455,912,113
457543807,-1225006500,104454,757,91
457543823,-1225006526,104459,655,76
457543848,-1225006553,104470,573,66
457543888,-1225006594,104490,423,57
457543919,-1225006629,104503,369,42
457543941,-1225006663,104510,200,37
457543950,-1225006660,104507,269,20
457543956,-1225006654,104513,350,27
457543947,-1225006626,104509,400,35
457543949,-1225006621,104514,373,40
457543954,-1225006614,104519,455,37
457543963,-1225006611,104523,522,45
457543972,-1225006614,104527,538,52
457543978,-1225006617,104533,493,54
457543981,-1225006620,104538,378,49
457543988,-1225006626,104546,290,38
457543994,-1225006632,104554,220,29
457544004,-1225006639,104561,247,22
457544017,-1225006651,104567,247,25
457544036,-1225006664,104543,207,25
457544064,-1225006686,104523,254,21
457544087,-1225006707,104499,220,25
457544113,-1225006730,104466,208,22
457544140,-1225006755,104451,286,21
457544178,-1225006786,104406,402,29
457544202,-1225006794,104359,447,40
457544220,-1225006795,104310,435,45
457544222,-1225006780,104282,398,43
457544226,-1225006776,104265,338,40
457544223,-1225006765,104246,189,34
457544235,-1225006766,104237,228,19
457544260,-1225006782,104220,288,23
457544282,-1225006797,104210,360,29
457544295,-1225006802,104202,367,36
457544296,-1225006790,104206,318,37
457544298,-1225006787,104214,236,32
457544296,-1225006774,104222,102,24
457544305,-1225006780,104239,143,10
457544324,-1225006797,104253,271,14
457544341,-1225006811,104269,390,27
457544348,-1225006817,104280,310,39
457544358,-1225006822,104275,309,31
457544368,-1225006833,104261,363,31
457544373,-1225006832,104252,353,36
457544384,-1225006832,104215,332,35
457544394,-1225006840,104196,330,33
457544397,-1225006841,104180,306,33
457544406,-1225006847,104157,363,31
457544415,-1225006845,104130,399,36
457544423,-1225006846,104105,397,40
457544426,-1225006846,104061,293,40
457544434,-1225006848,104021,299,29
457544447,-1225006853,103969,326,30
457544459,-1225006852,103914,289,33
457544470,-1225006846,103850,178,29
457544482,-1225006843,103802,128,18
457544499,-1225006856,103764,177,13
457544513,-1225006865,103726,173,18
457544532,-1225006875,103688,228,17
457544545,-1225006874,103641,158,23
457544563,-1225006887,103609,217,16
457544579,-1225006900,103560,272,22
457544591,-1225006905,103513,265,27
457544601,-1225006909,103526,267,26
